{
  "accuracy": 0.8062015503875969,
  "classification_report": {
    "0": {
      "precision": 1.0,
      "recall": 0.6153846153846154,
      "f1-score": 0.7619047619047619,
      "support": 65.0
    },
    "1": {
      "precision": 0.7191011235955056,
      "recall": 1.0,
      "f1-score": 0.8366013071895425,
      "support": 64.0
    },
    "accuracy": 0.8062015503875969,
    "macro avg": {
      "precision": 0.8595505617977528,
      "recall": 0.8076923076923077,
      "f1-score": 0.7992530345471522,
      "support": 129.0
    },
    "weighted avg": {
      "precision": 0.860639317132654,
      "recall": 0.8062015503875969,
      "f1-score": 0.7989635130538003,
      "support": 129.0
    }
  },
  "confusion_matrix": [
    [
      40,
      25
    ],
    [
      0,
      64
    ]
  ],
  "label_distribution": {
    "0": 215,
    "1": 215
  },
  "training_samples": 301,
  "test_samples": 129
}